date,open,close,high,low,涨跌幅,涨跌额,volume,成交额,振幅,换手率,ma50,ma200
2026-01-05 09:35:00,12.25,11.94,12.35,11.84,-0.25,-0.03,119091.0,143816397.0,4.26,2.08,,
2026-01-05 09:40:00,11.95,11.88,11.98,11.85,-0.5,-0.06,50683.0,60383785.0,1.09,0.88,,
2026-01-05 09:45:00,11.88,11.99,12.04,11.88,0.93,0.11,42072.0,50399741.0,1.35,0.73,,
2026-01-05 09:50:00,11.99,12.39,12.4,11.97,3.34,0.4,77035.0,93631012.0,3.59,1.34,,
2026-01-05 09:55:00,12.4,12.46,12.58,12.24,0.56,0.07,124409.0,154705785.0,2.74,2.17,,
2026-01-05 10:00:00,12.45,12.42,12.57,12.42,-0.32,-0.04,57783.0,72288730.0,1.2,1.01,,
2026-01-05 10:05:00,12.43,12.36,12.45,12.35,-0.48,-0.06,26450.0,32785754.0,0.81,0.46,,
2026-01-05 10:10:00,12.36,12.32,12.39,12.3,-0.32,-0.04,21211.0,26165228.0,0.73,0.37,,
2026-01-05 10:15:00,12.32,12.31,12.32,12.25,-0.08,-0.01,21230.0,26070374.0,0.57,0.37,,
2026-01-05 10:20:00,12.31,12.25,12.31,12.24,-0.49,-0.06,16862.0,20689290.0,0.57,0.29,,
2026-01-05 10:25:00,12.25,12.33,12.33,12.25,0.65,0.08,11503.0,14141542.0,0.65,0.2,,
2026-01-05 10:30:00,12.33,12.27,12.33,12.25,-0.49,-0.06,11362.0,13958585.0,0.65,0.2,,
2026-01-05 10:35:00,12.26,12.13,12.26,12.09,-1.14,-0.14,26594.0,32315202.0,1.39,0.46,,
2026-01-05 10:40:00,12.15,12.15,12.18,12.12,0.16,0.02,10175.0,12363473.0,0.49,0.18,,
2026-01-05 10:45:00,12.14,12.12,12.15,12.08,-0.25,-0.03,14089.0,17068297.0,0.58,0.25,,
2026-01-05 10:50:00,12.13,12.09,12.14,12.09,-0.25,-0.03,10199.0,12351924.0,0.41,0.18,,
2026-01-05 10:55:00,12.09,12.1,12.12,12.07,0.08,0.01,14892.0,18007022.0,0.41,0.26,,
2026-01-05 11:00:00,12.09,12.06,12.12,12.03,-0.33,-0.04,17144.0,20661895.0,0.74,0.3,,
2026-01-05 11:05:00,12.08,12.14,12.15,12.06,0.66,0.08,8287.0,10042992.0,0.75,0.14,,
2026-01-05 11:10:00,12.14,12.15,12.18,12.1,0.08,0.01,7717.0,9369981.0,0.66,0.13,,
2026-01-05 11:15:00,12.15,12.2,12.22,12.14,0.41,0.05,8469.0,10323040.0,0.66,0.15,,
2026-01-05 11:20:00,12.2,12.2,12.2,12.16,0.0,0.0,6028.0,7339468.0,0.33,0.11,,
2026-01-05 11:25:00,12.2,12.16,12.21,12.15,-0.33,-0.04,6259.0,7627554.0,0.49,0.11,,
2026-01-05 11:30:00,12.16,12.17,12.19,12.15,0.08,0.01,8233.0,10023182.0,0.33,0.14,,
2026-01-05 13:05:00,12.17,12.15,12.18,12.13,-0.16,-0.02,12366.0,15032812.0,0.41,0.22,,
2026-01-05 13:10:00,12.15,12.17,12.2,12.15,0.16,0.02,9536.0,11610098.0,0.41,0.17,,
2026-01-05 13:15:00,12.16,12.22,12.22,12.16,0.41,0.05,7399.0,9024278.0,0.49,0.13,,
2026-01-05 13:20:00,12.21,12.2,12.21,12.16,-0.16,-0.02,14477.0,17648582.0,0.41,0.25,,
2026-01-05 13:25:00,12.19,12.19,12.2,12.16,-0.08,-0.01,7690.0,9365182.0,0.33,0.13,,
2026-01-05 13:30:00,12.19,12.16,12.19,12.16,-0.25,-0.03,6555.0,7980248.0,0.25,0.11,,
2026-01-05 13:35:00,12.17,12.16,12.17,12.13,0.0,0.0,12377.0,15031831.0,0.33,0.22,,
2026-01-05 13:40:00,12.17,12.21,12.25,12.16,0.41,0.05,11721.0,14315318.0,0.74,0.2,,
2026-01-05 13:45:00,12.21,12.18,12.21,12.17,-0.25,-0.03,4905.0,5981094.0,0.33,0.09,,
2026-01-05 13:50:00,12.18,12.17,12.18,12.16,-0.08,-0.01,3734.0,4544731.0,0.16,0.07,,
2026-01-05 13:55:00,12.17,12.17,12.19,12.16,0.0,0.0,4341.0,5284105.0,0.25,0.08,,
2026-01-05 14:00:00,12.16,12.15,12.17,12.15,-0.16,-0.02,7757.0,9430183.0,0.16,0.14,,
2026-01-05 14:05:00,12.14,12.16,12.18,12.12,0.08,0.01,8018.0,9740187.0,0.49,0.14,,
2026-01-05 14:10:00,12.17,12.15,12.17,12.14,-0.08,-0.01,3193.0,3878617.0,0.25,0.06,,
2026-01-05 14:15:00,12.15,12.16,12.17,12.13,0.08,0.01,6129.0,7444648.0,0.33,0.11,,
2026-01-05 14:20:00,12.15,12.16,12.17,12.14,0.0,0.0,4711.0,5725196.0,0.25,0.08,,
2026-01-05 14:25:00,12.16,12.17,12.18,12.15,0.08,0.01,5806.0,7061617.0,0.25,0.1,,
2026-01-05 14:30:00,12.17,12.12,12.17,12.12,-0.41,-0.05,7167.0,8704446.0,0.41,0.13,,
2026-01-05 14:35:00,12.13,12.16,12.16,12.12,0.33,0.04,12014.0,14581614.0,0.33,0.21,,
2026-01-05 14:40:00,12.16,12.16,12.16,12.14,0.0,0.0,6611.0,8032438.0,0.16,0.12,,
2026-01-05 14:45:00,12.15,12.21,12.21,12.15,0.41,0.05,16327.0,19890792.0,0.49,0.28,,
2026-01-05 14:50:00,12.2,12.16,12.2,12.16,-0.41,-0.05,16189.0,19704860.0,0.33,0.28,,
2026-01-05 14:55:00,12.16,12.2,12.2,12.16,0.33,0.04,15230.0,18552639.0,0.33,0.27,,
2026-01-05 15:00:00,12.19,12.18,12.2,12.17,-0.16,-0.02,22491.0,27401122.0,0.25,0.39,,
2026-01-06 09:35:00,11.99,12.02,12.18,11.95,-1.31,-0.16,95310.0,115089246.0,1.89,1.66,,
2026-01-06 09:40:00,12.02,12.05,12.08,12.01,0.25,0.03,40313.0,48549803.0,0.58,0.7,12.1756,
2026-01-06 09:45:00,12.05,12.01,12.05,11.9,-0.33,-0.04,60209.0,72002839.0,1.24,1.05,12.176999999999998,
2026-01-06 09:50:00,12.01,11.95,12.03,11.95,-0.5,-0.06,38125.0,45636444.0,0.67,0.67,12.1784,
2026-01-06 09:55:00,11.95,12.03,12.04,11.94,0.67,0.08,17739.0,21244596.0,0.84,0.31,12.179200000000002,
2026-01-06 10:00:00,12.03,12.07,12.08,12.01,0.33,0.04,16583.0,19969137.0,0.58,0.29,12.1728,
2026-01-06 10:05:00,12.07,12.04,12.07,11.98,-0.25,-0.03,14954.0,17972251.0,0.75,0.26,12.1644,
2026-01-06 10:10:00,12.04,12.02,12.05,12.01,-0.17,-0.02,13525.0,16257762.0,0.33,0.24,12.156399999999998,
2026-01-06 10:15:00,12.03,12.09,12.13,12.03,0.58,0.07,13445.0,16268632.0,0.83,0.23,12.151,
2026-01-06 10:20:00,12.09,12.15,12.15,12.08,0.5,0.06,10125.0,12268414.0,0.58,0.18,12.1476,
2026-01-06 10:25:00,12.15,12.12,12.15,12.12,-0.25,-0.03,9820.0,11918557.0,0.25,0.17,12.143799999999999,
2026-01-06 10:30:00,12.11,12.1,12.16,12.08,-0.17,-0.02,13186.0,15979963.0,0.66,0.23,12.140799999999999,
2026-01-06 10:35:00,12.09,12.1,12.13,12.07,0.0,0.0,8227.0,9944759.0,0.5,0.14,12.1362,
2026-01-06 10:40:00,12.1,12.08,12.11,12.06,-0.17,-0.02,8658.0,10458918.0,0.41,0.15,12.1324,
2026-01-06 10:45:00,12.08,12.07,12.1,12.06,-0.08,-0.01,7343.0,8869258.0,0.33,0.13,12.131200000000002,
2026-01-06 10:50:00,12.08,12.03,12.09,12.0,-0.33,-0.04,14094.0,16971271.0,0.75,0.25,12.128799999999998,
2026-01-06 10:55:00,12.02,12.01,12.02,11.99,-0.17,-0.02,10162.0,12199151.0,0.25,0.18,12.126599999999998,
2026-01-06 11:00:00,12.01,12.01,12.03,12.0,0.0,0.0,6155.0,7391732.0,0.25,0.11,12.125,
2026-01-06 11:05:00,12.0,12.03,12.06,11.99,0.17,0.02,8315.0,9988171.0,0.58,0.15,12.123600000000001,
2026-01-06 11:10:00,12.03,11.95,12.03,11.95,-0.67,-0.08,12945.0,15497803.0,0.67,0.23,12.1214,
2026-01-06 11:15:00,11.96,11.98,12.0,11.96,0.25,0.03,5212.0,6241377.0,0.33,0.09,12.1182,
2026-01-06 11:20:00,11.99,11.99,12.0,11.97,0.08,0.01,5441.0,6519414.0,0.25,0.09,12.115,
2026-01-06 11:25:00,11.99,12.01,12.02,11.98,0.17,0.02,5039.0,6045662.0,0.33,0.09,12.111199999999998,
2026-01-06 11:30:00,12.01,12.03,12.06,12.01,0.17,0.02,4554.0,5480029.0,0.42,0.08,12.1078,
2026-01-06 13:05:00,12.02,12.0,12.03,11.97,-0.25,-0.03,10328.0,12395042.0,0.5,0.18,12.1046,
2026-01-06 13:10:00,11.99,11.99,12.03,11.99,-0.08,-0.01,7151.0,8584837.0,0.33,0.12,12.100999999999999,
2026-01-06 13:15:00,12.0,12.0,12.03,11.98,0.08,0.01,8259.0,9909520.0,0.42,0.14,12.097999999999999,
2026-01-06 13:20:00,12.01,11.99,12.03,11.99,-0.08,-0.01,12344.0,14817442.0,0.33,0.22,12.0944,
2026-01-06 13:25:00,11.99,12.02,12.03,11.99,0.25,0.03,8182.0,9823193.0,0.33,0.14,12.090399999999999,
2026-01-06 13:30:00,12.02,12.03,12.05,12.01,0.08,0.01,9349.0,11246646.0,0.33,0.16,12.086999999999998,
2026-01-06 13:35:00,12.02,12.03,12.05,12.01,0.0,0.0,10746.0,12925492.0,0.33,0.19,12.083800000000002,
2026-01-06 13:40:00,12.02,12.0,12.03,11.98,-0.25,-0.03,13923.0,16712544.0,0.42,0.24,12.080600000000002,
2026-01-06 13:45:00,12.0,11.98,12.01,11.98,-0.17,-0.02,8648.0,10372619.0,0.25,0.15,12.076999999999998,
2026-01-06 13:50:00,11.99,12.0,12.01,11.97,0.17,0.02,9153.0,10972145.0,0.33,0.16,12.072799999999999,
2026-01-06 13:55:00,11.99,12.0,12.02,11.99,0.0,0.0,4607.0,5528288.0,0.25,0.08,12.069199999999999,
2026-01-06 14:00:00,11.99,12.01,12.03,11.99,0.08,0.01,6331.0,7605291.0,0.33,0.11,12.066,
2026-01-06 14:05:00,12.02,12.0,12.02,11.99,-0.08,-0.01,5703.0,6846135.0,0.25,0.1,12.0626,
2026-01-06 14:10:00,12.0,12.02,12.02,12.0,0.17,0.02,4194.0,5035783.0,0.17,0.07,12.06,
2026-01-06 14:15:00,12.01,12.07,12.07,12.01,0.42,0.05,7489.0,9019830.0,0.5,0.13,12.0582,
2026-01-06 14:20:00,12.06,12.08,12.11,12.06,0.08,0.01,13229.0,15991012.0,0.41,0.23,12.0568,
2026-01-06 14:25:00,12.08,12.08,12.08,12.05,0.0,0.0,6674.0,8054207.0,0.25,0.12,12.0552,
2026-01-06 14:30:00,12.08,12.07,12.08,12.05,-0.08,-0.01,8663.0,10447960.0,0.25,0.15,12.0534,
2026-01-06 14:35:00,12.07,12.05,12.07,12.04,-0.17,-0.02,12314.0,14843935.0,0.25,0.21,12.051000000000002,
2026-01-06 14:40:00,12.05,12.05,12.06,12.04,0.0,0.0,10641.0,12824817.0,0.17,0.19,12.0496,
2026-01-06 14:45:00,12.04,12.03,12.06,12.03,-0.17,-0.02,13356.0,16083118.0,0.25,0.23,12.047,
2026-01-06 14:50:00,12.02,12.03,12.04,12.02,0.0,0.0,9833.0,11832634.0,0.17,0.17,12.044399999999998,
2026-01-06 14:55:00,12.03,12.04,12.05,12.03,0.08,0.01,14648.0,17634378.0,0.17,0.26,12.041000000000002,
2026-01-06 15:00:00,12.04,12.06,12.06,12.04,0.17,0.02,20865.0,25152522.0,0.17,0.36,12.038999999999998,
2026-01-07 09:35:00,12.06,12.05,12.12,11.96,-0.08,-0.01,43773.0,52681187.0,1.33,0.76,12.036000000000001,
2026-01-07 09:40:00,12.05,12.19,12.24,12.03,1.16,0.14,43850.0,53257282.0,1.74,0.77,12.0362,
2026-01-07 09:45:00,12.17,12.18,12.2,12.14,-0.08,-0.01,27774.0,33815165.0,0.49,0.48,12.0394,
2026-01-07 09:50:00,12.18,12.26,12.3,12.17,0.66,0.08,46809.0,57360580.0,1.07,0.82,12.043600000000001,
2026-01-07 09:55:00,12.27,12.22,12.28,12.22,-0.33,-0.04,22064.0,27046624.0,0.49,0.38,12.0478,
2026-01-07 10:00:00,12.22,12.14,12.22,12.14,-0.65,-0.08,18080.0,22021689.0,0.65,0.32,12.0516,
2026-01-07 10:05:00,12.15,12.22,12.24,12.15,0.66,0.08,15840.0,19328100.0,0.74,0.28,12.055399999999999,
2026-01-07 10:10:00,12.24,12.24,12.26,12.2,0.16,0.02,15187.0,18583317.0,0.49,0.26,12.058799999999998,
2026-01-07 10:15:00,12.24,12.21,12.27,12.19,-0.25,-0.03,18016.0,22049870.0,0.65,0.31,12.0622,
2026-01-07 10:20:00,12.21,12.13,12.22,12.11,-0.66,-0.08,18232.0,22175646.0,0.9,0.32,12.064400000000001,
2026-01-07 10:25:00,12.13,12.06,12.13,12.06,-0.58,-0.07,15978.0,19324769.0,0.58,0.28,12.063799999999999,
2026-01-07 10:30:00,12.06,12.11,12.11,12.06,0.41,0.05,10570.0,12772377.0,0.41,0.18,12.062999999999999,
2026-01-07 10:35:00,12.11,12.17,12.18,12.08,0.5,0.06,8902.0,10791659.0,0.83,0.16,12.064,
2026-01-07 10:40:00,12.17,12.24,12.32,12.16,0.58,0.07,45350.0,55661606.0,1.31,0.79,12.0668,
2026-01-07 10:45:00,12.23,12.3,12.3,12.21,0.49,0.06,18010.0,22066858.0,0.74,0.31,12.070799999999998,
2026-01-07 10:50:00,12.3,12.24,12.3,12.22,-0.49,-0.06,11524.0,14136055.0,0.65,0.2,12.074000000000002,
2026-01-07 10:55:00,12.24,12.22,12.26,12.22,-0.16,-0.02,8290.0,10143526.0,0.33,0.14,12.077,
2026-01-07 11:00:00,12.23,12.22,12.23,12.21,0.0,0.0,8686.0,10615204.0,0.16,0.15,12.0808,
2026-01-07 11:05:00,12.23,12.21,12.24,12.21,-0.08,-0.01,9083.0,11103051.0,0.25,0.16,12.0848,
2026-01-07 11:10:00,12.21,12.21,12.23,12.21,0.0,0.0,5985.0,7311415.0,0.16,0.1,12.0888,
2026-01-07 11:15:00,12.21,12.22,12.22,12.16,0.08,0.01,9355.0,11404881.0,0.49,0.16,12.092600000000003,
2026-01-07 11:20:00,12.22,12.23,12.24,12.21,0.08,0.01,4130.0,5051374.0,0.25,0.07,12.098199999999999,
2026-01-07 11:25:00,12.23,12.28,12.28,12.22,0.41,0.05,8108.0,9936503.0,0.49,0.14,12.1042,
2026-01-07 11:30:00,12.28,12.34,12.35,12.26,0.49,0.06,25403.0,31279832.0,0.73,0.44,12.111199999999998,
2026-01-07 13:05:00,12.35,12.32,12.38,12.31,-0.16,-0.02,26606.0,32827837.0,0.57,0.46,12.1174,
2026-01-07 13:10:00,12.32,12.29,12.35,12.28,-0.24,-0.03,12482.0,15383476.0,0.57,0.22,12.1226,
2026-01-07 13:15:00,12.28,12.34,12.35,12.28,0.41,0.05,9712.0,11960963.0,0.57,0.17,12.1294,
2026-01-07 13:20:00,12.34,12.31,12.34,12.3,-0.24,-0.03,6094.0,7506234.0,0.32,0.11,12.1358,
2026-01-07 13:25:00,12.31,12.29,12.34,12.29,-0.16,-0.02,7196.0,8856456.0,0.41,0.13,12.1416,
2026-01-07 13:30:00,12.3,12.28,12.3,12.25,-0.08,-0.01,16378.0,20094537.0,0.41,0.29,12.1474,
2026-01-07 13:35:00,12.29,12.29,12.33,12.28,0.08,0.01,11052.0,13591284.0,0.41,0.19,12.1528,
2026-01-07 13:40:00,12.28,12.33,12.33,12.27,0.33,0.04,13841.0,17019336.0,0.49,0.24,12.158800000000001,
2026-01-07 13:45:00,12.34,12.31,12.4,12.31,-0.16,-0.02,27993.0,34571895.0,0.73,0.49,12.164399999999999,
2026-01-07 13:50:00,12.3,12.26,12.31,12.26,-0.41,-0.05,10583.0,13010970.0,0.41,0.18,12.1696,
2026-01-07 13:55:00,12.27,12.3,12.31,12.26,0.33,0.04,7252.0,8911478.0,0.41,0.13,12.176000000000002,
2026-01-07 14:00:00,12.3,12.3,12.3,12.28,0.0,0.0,5251.0,6454326.0,0.16,0.09,12.182,
2026-01-07 14:05:00,12.29,12.29,12.3,12.27,-0.08,-0.01,7699.0,9460338.0,0.24,0.13,12.187800000000003,
2026-01-07 14:10:00,12.29,12.3,12.31,12.29,0.08,0.01,4922.0,6054787.0,0.16,0.09,12.193599999999998,
2026-01-07 14:15:00,12.31,12.34,12.35,12.3,0.33,0.04,11001.0,13565325.0,0.41,0.19,12.2004,
2026-01-07 14:20:00,12.34,12.31,12.34,12.31,-0.24,-0.03,7627.0,9397971.0,0.24,0.13,12.206199999999999,
2026-01-07 14:25:00,12.31,12.34,12.35,12.3,0.24,0.03,11624.0,14327579.0,0.41,0.2,12.2116,
2026-01-07 14:30:00,12.34,12.29,12.35,12.27,-0.41,-0.05,27991.0,34445818.0,0.65,0.49,12.2158,
2026-01-07 14:35:00,12.29,12.23,12.29,12.21,-0.49,-0.06,23493.0,28745722.0,0.65,0.41,12.218799999999998,
2026-01-07 14:40:00,12.23,12.29,12.3,12.23,0.49,0.06,16467.0,20190804.0,0.57,0.29,12.223199999999999,
2026-01-07 14:45:00,12.28,12.24,12.3,12.24,-0.41,-0.05,13680.0,16775431.0,0.49,0.24,12.226999999999999,
2026-01-07 14:50:00,12.24,12.24,12.25,12.23,0.0,0.0,22612.0,27676893.0,0.16,0.39,12.230799999999999,
2026-01-07 14:55:00,12.25,12.26,12.26,12.24,0.16,0.02,34835.0,42674476.0,0.16,0.61,12.2354,
2026-01-07 15:00:00,12.25,12.25,12.26,12.23,-0.08,-0.01,37669.0,46124788.0,0.24,0.66,12.2398,
2026-01-08 09:35:00,12.16,12.32,12.35,12.1,0.57,0.07,53525.0,65437461.0,2.04,0.93,12.2454,
2026-01-08 09:40:00,12.33,12.29,12.34,12.25,-0.24,-0.03,27514.0,33845578.0,0.73,0.48,12.25,
2026-01-08 09:45:00,12.28,12.38,12.39,12.26,0.73,0.09,26271.0,32313196.0,1.06,0.46,12.256599999999999,
2026-01-08 09:50:00,12.38,12.27,12.39,12.26,-0.89,-0.11,33945.0,41833957.0,1.05,0.59,12.258199999999999,
2026-01-08 09:55:00,12.28,12.47,12.58,12.28,1.63,0.2,56988.0,71040872.0,2.44,0.99,12.264,
2026-01-08 10:00:00,12.5,12.54,12.54,12.44,0.56,0.07,33738.0,42184955.0,0.8,0.59,12.2696,
2026-01-08 10:05:00,12.55,12.5,12.55,12.5,-0.32,-0.04,25704.0,32182001.0,0.4,0.45,12.275200000000002,
2026-01-08 10:10:00,12.49,12.5,12.51,12.47,0.0,0.0,24062.0,30060094.0,0.32,0.42,12.2824,
2026-01-08 10:15:00,12.5,12.49,12.55,12.49,-0.08,-0.01,25260.0,31627883.0,0.48,0.44,12.287799999999999,
2026-01-08 10:20:00,12.5,12.56,12.57,12.48,0.56,0.07,22747.0,28504606.0,0.72,0.4,12.2942,
2026-01-08 10:25:00,12.57,12.53,12.59,12.51,-0.24,-0.03,23920.0,30035853.0,0.64,0.42,12.3006,
2026-01-08 10:30:00,12.53,12.5,12.55,12.5,-0.24,-0.03,13143.0,16461488.0,0.4,0.23,12.308,
2026-01-08 10:35:00,12.51,12.57,12.59,12.49,0.56,0.07,23196.0,29074642.0,0.8,0.4,12.318200000000001,
2026-01-08 10:40:00,12.57,12.63,12.68,12.52,0.48,0.06,43253.0,54674330.0,1.27,0.75,12.328600000000002,
2026-01-08 10:45:00,12.64,12.62,12.66,12.59,-0.08,-0.01,20086.0,25348968.0,0.55,0.35,12.3376,
2026-01-08 10:50:00,12.63,12.63,12.64,12.6,0.08,0.01,12626.0,15935396.0,0.32,0.22,12.3454,
2026-01-08 10:55:00,12.62,12.57,12.64,12.55,-0.48,-0.06,17555.0,22084500.0,0.71,0.31,12.3508,
2026-01-08 11:00:00,12.57,12.54,12.59,12.53,-0.24,-0.03,8738.0,10975186.0,0.48,0.15,12.3568,
2026-01-08 11:05:00,12.54,12.48,12.54,12.48,-0.48,-0.06,13577.0,16987533.0,0.48,0.24,12.361999999999998,
2026-01-08 11:10:00,12.48,12.46,12.49,12.42,-0.16,-0.02,18142.0,22599800.0,0.56,0.32,12.366800000000001,
2026-01-08 11:15:00,12.46,12.4,12.46,12.4,-0.48,-0.06,20288.0,25194561.0,0.48,0.35,12.3706,
2026-01-08 11:20:00,12.4,12.48,12.48,12.37,0.65,0.08,12495.0,15498867.0,0.89,0.22,12.376,
2026-01-08 11:25:00,12.47,12.48,12.48,12.45,0.0,0.0,6426.0,8008378.0,0.24,0.11,12.3812,
2026-01-08 11:30:00,12.49,12.51,12.53,12.49,0.24,0.03,9566.0,11965690.0,0.32,0.17,12.386800000000001,
2026-01-08 13:05:00,12.52,12.56,12.58,12.52,0.4,0.05,14434.0,18101248.0,0.48,0.25,12.3924,
2026-01-08 13:10:00,12.55,12.55,12.57,12.54,-0.08,-0.01,13586.0,17050464.0,0.24,0.24,12.396600000000001,
2026-01-08 13:15:00,12.55,12.53,12.56,12.51,-0.16,-0.02,12011.0,15062504.0,0.4,0.21,12.400799999999998,
2026-01-08 13:20:00,12.54,12.56,12.56,12.51,0.24,0.03,11040.0,13838331.0,0.4,0.19,12.406200000000002,
2026-01-08 13:25:00,12.55,12.52,12.56,12.49,-0.32,-0.04,15108.0,18928257.0,0.56,0.26,12.4098,
2026-01-08 13:30:00,12.52,12.54,12.55,12.52,0.16,0.02,6004.0,7527289.0,0.24,0.1,12.4144,
2026-01-08 13:35:00,12.54,12.58,12.59,12.53,0.32,0.04,20565.0,25847319.0,0.48,0.36,12.4202,
2026-01-08 13:40:00,12.57,12.57,12.58,12.54,-0.08,-0.01,5847.0,7345141.0,0.32,0.1,12.425999999999998,
2026-01-08 13:45:00,12.56,12.54,12.57,12.54,-0.24,-0.03,6957.0,8734317.0,0.24,0.12,12.431000000000001,
2026-01-08 13:50:00,12.53,12.55,12.55,12.52,0.08,0.01,8109.0,10164147.0,0.24,0.14,12.4354,
2026-01-08 13:55:00,12.55,12.55,12.56,12.53,0.0,0.0,8579.0,10762285.0,0.24,0.15,12.440200000000003,
2026-01-08 14:00:00,12.55,12.58,12.59,12.55,0.24,0.03,13275.0,16694777.0,0.32,0.23,12.446599999999998,
2026-01-08 14:05:00,12.58,12.62,12.63,12.57,0.32,0.04,18706.0,23586188.0,0.48,0.33,12.453,
2026-01-08 14:10:00,12.59,12.54,12.6,12.54,-0.63,-0.08,13064.0,16428230.0,0.48,0.23,12.457799999999999,
2026-01-08 14:15:00,12.54,12.48,12.54,12.48,-0.48,-0.06,18722.0,23411347.0,0.48,0.33,12.461599999999999,
2026-01-08 14:20:00,12.49,12.54,12.55,12.48,0.48,0.06,17421.0,21784167.0,0.56,0.3,12.4664,
2026-01-08 14:25:00,12.55,12.57,12.59,12.53,0.24,0.03,10280.0,12913957.0,0.48,0.18,12.470999999999998,
2026-01-08 14:30:00,12.57,12.6,12.6,12.56,0.24,0.03,10620.0,13355017.0,0.32,0.19,12.4768,
2026-01-08 14:35:00,12.6,12.6,12.61,12.58,0.0,0.0,10527.0,13257567.0,0.24,0.18,12.482000000000001,
2026-01-08 14:40:00,12.6,12.61,12.62,12.58,0.08,0.01,18309.0,23075434.0,0.32,0.32,12.488400000000002,
2026-01-08 14:45:00,12.61,12.61,12.64,12.59,0.0,0.0,28393.0,35818943.0,0.4,0.5,12.496000000000002,
2026-01-08 14:50:00,12.6,12.59,12.6,12.56,-0.16,-0.02,30356.0,38195752.0,0.32,0.53,12.502,
2026-01-08 14:55:00,12.59,12.59,12.6,12.55,0.0,0.0,35609.0,44769818.0,0.4,0.62,12.509,
2026-01-08 15:00:00,12.59,12.62,12.62,12.58,0.24,0.03,40311.0,50821088.0,0.32,0.7,12.5166,
2026-01-09 09:35:00,12.66,12.5,12.67,12.45,-0.95,-0.12,91250.0,114805147.0,1.74,1.59,12.521400000000002,
2026-01-09 09:40:00,12.5,12.59,12.69,12.49,0.72,0.09,47587.0,60031478.0,1.6,0.83,12.528200000000002,
2026-01-09 09:45:00,12.59,12.69,12.75,12.58,0.79,0.1,42591.0,53920244.0,1.35,0.74,12.535599999999999,
2026-01-09 09:50:00,12.69,12.61,12.73,12.61,-0.63,-0.08,33418.0,42312504.0,0.95,0.58,12.542,
2026-01-09 09:55:00,12.61,12.69,12.71,12.58,0.63,0.08,31462.0,39752896.0,1.03,0.55,12.548200000000001,
2026-01-09 10:00:00,12.7,12.82,12.87,12.68,1.02,0.13,60275.0,77155552.0,1.5,1.05,12.5592,
2026-01-09 10:05:00,12.82,12.79,12.82,12.77,-0.23,-0.03,25053.0,32043462.0,0.39,0.44,12.5656,
2026-01-09 10:10:00,12.79,12.84,12.86,12.79,0.39,0.05,20549.0,26362791.0,0.55,0.36,12.571599999999998,12.2651
2026-01-09 10:15:00,12.84,12.76,12.84,12.76,-0.62,-0.08,21153.0,27056867.0,0.62,0.37,12.576799999999999,12.269200000000001
2026-01-09 10:20:00,12.77,12.81,12.83,12.77,0.39,0.05,12777.0,16355079.0,0.47,0.22,12.583,12.27385
2026-01-09 10:25:00,12.81,12.72,12.83,12.71,-0.7,-0.09,26516.0,33869793.0,0.94,0.46,12.5876,12.2775
2026-01-09 10:30:00,12.71,12.67,12.71,12.62,-0.39,-0.05,30946.0,39198726.0,0.71,0.54,12.5898,12.2789
2026-01-09 10:35:00,12.69,12.77,12.78,12.69,0.79,0.1,20464.0,26073951.0,0.71,0.36,12.5946,12.28045
2026-01-09 10:40:00,12.78,12.84,12.85,12.78,0.55,0.07,26765.0,34311929.0,0.55,0.47,12.601400000000002,12.28255
2026-01-09 10:45:00,12.85,12.85,12.88,12.82,0.08,0.01,23220.0,29850236.0,0.47,0.41,12.606999999999998,12.285
2026-01-09 10:50:00,12.85,12.8,12.86,12.8,-0.39,-0.05,14486.0,18587446.0,0.47,0.25,12.6104,12.287399999999998
2026-01-09 10:55:00,12.8,12.79,12.82,12.78,-0.08,-0.01,8607.0,11019195.0,0.31,0.15,12.6138,12.2898
2026-01-09 11:00:00,12.79,12.74,12.79,12.74,-0.39,-0.05,12676.0,16178752.0,0.39,0.22,12.616,12.29225
2026-01-09 11:05:00,12.75,12.65,12.75,12.63,-0.71,-0.09,20064.0,25434330.0,0.94,0.35,12.6176,12.293849999999999
2026-01-09 11:10:00,12.66,12.56,12.66,12.54,-0.71,-0.09,27416.0,34505446.0,0.95,0.48,12.618,12.2953
2026-01-09 11:15:00,12.56,12.54,12.62,12.54,-0.16,-0.02,22344.0,28094609.0,0.64,0.39,12.619200000000001,12.29735
2026-01-09 11:20:00,12.54,12.49,12.58,12.48,-0.4,-0.05,24503.0,30683929.0,0.8,0.43,12.6198,12.299050000000001
2026-01-09 11:25:00,12.49,12.4,12.5,12.4,-0.72,-0.09,31531.0,39271676.0,0.8,0.55,12.6198,12.300449999999998
2026-01-09 11:30:00,12.4,12.44,12.46,12.4,0.32,0.04,17816.0,22148539.0,0.48,0.31,12.619000000000002,12.302200000000001
2026-01-09 13:05:00,12.45,12.36,12.45,12.34,-0.64,-0.08,26849.0,33267337.0,0.88,0.47,12.6166,12.3035
2026-01-09 13:10:00,12.36,12.47,12.47,12.36,0.89,0.11,11647.0,14446906.0,0.89,0.2,12.6158,12.305549999999998
2026-01-09 13:15:00,12.46,12.38,12.46,12.36,-0.72,-0.09,13740.0,17042472.0,0.8,0.24,12.612199999999998,12.30675
2026-01-09 13:20:00,12.38,12.39,12.39,12.36,0.08,0.01,11449.0,14169005.0,0.24,0.2,12.609000000000002,12.307949999999998
2026-01-09 13:25:00,12.38,12.34,12.41,12.33,-0.4,-0.05,14329.0,17727759.0,0.65,0.25,12.6052,12.30865
2026-01-09 13:30:00,12.34,12.34,12.36,12.28,0.0,0.0,24160.0,29739303.0,0.65,0.42,12.6008,12.30935
2026-01-09 13:35:00,12.34,12.36,12.4,12.34,0.16,0.02,10886.0,13456573.0,0.49,0.19,12.5976,12.310349999999998
2026-01-09 13:40:00,12.36,12.41,12.42,12.36,0.4,0.05,11555.0,14315617.0,0.49,0.2,12.595,12.31155
2026-01-09 13:45:00,12.4,12.44,12.46,12.4,0.24,0.03,8698.0,10819471.0,0.48,0.15,12.5922,12.313000000000002
2026-01-09 13:50:00,12.44,12.44,12.45,12.41,0.0,0.0,6482.0,8054243.0,0.32,0.11,12.5896,12.314350000000001
2026-01-09 13:55:00,12.44,12.39,12.44,12.38,-0.4,-0.05,8501.0,10541233.0,0.48,0.15,12.586599999999999,12.315199999999999
2026-01-09 14:00:00,12.39,12.42,12.43,12.39,0.24,0.03,6074.0,7536635.0,0.32,0.11,12.584000000000001,12.316300000000002
2026-01-09 14:05:00,12.42,12.44,12.47,12.42,0.16,0.02,6029.0,7504578.0,0.4,0.11,12.581799999999998,12.31755
2026-01-09 14:10:00,12.45,12.45,12.46,12.42,0.08,0.01,7158.0,8906038.0,0.32,0.12,12.5792,12.319
2026-01-09 14:15:00,12.46,12.46,12.49,12.44,0.08,0.01,6740.0,8401003.0,0.4,0.12,12.575999999999999,12.3205
2026-01-09 14:20:00,12.46,12.45,12.48,12.43,-0.08,-0.01,7426.0,9244755.0,0.4,0.13,12.574200000000001,12.321699999999998
2026-01-09 14:25:00,12.45,12.47,12.48,12.44,0.16,0.02,6403.0,7977214.0,0.32,0.11,12.574000000000002,12.32315
2026-01-09 14:30:00,12.47,12.5,12.52,12.47,0.24,0.03,9033.0,11290285.0,0.4,0.16,12.5732,12.3248
2026-01-09 14:35:00,12.5,12.48,12.51,12.48,-0.16,-0.02,8085.0,10101292.0,0.24,0.14,12.5714,12.32635
2026-01-09 14:40:00,12.49,12.54,12.55,12.48,0.48,0.06,11107.0,13915930.0,0.56,0.19,12.5702,12.328300000000002
2026-01-09 14:45:00,12.54,12.53,12.54,12.52,-0.08,-0.01,10429.0,13066642.0,0.16,0.18,12.5688,12.330149999999998
2026-01-09 14:50:00,12.53,12.55,12.58,12.52,0.16,0.02,14137.0,17752907.0,0.48,0.25,12.5676,12.332149999999999
2026-01-09 14:55:00,12.55,12.51,12.55,12.5,-0.32,-0.04,17351.0,21722778.0,0.4,0.3,12.5656,12.333899999999998
2026-01-09 15:00:00,12.5,12.52,12.52,12.5,0.08,0.01,20746.0,25954161.0,0.16,0.36,12.564200000000001,12.3357
2026-01-12 09:35:00,12.78,12.88,13.06,12.77,2.88,0.36,113089.0,145891321.0,2.32,1.97,12.57,12.33925
2026-01-12 09:40:00,12.87,13.03,13.13,12.85,1.16,0.15,76028.0,98989794.0,2.17,1.33,12.578199999999999,12.343800000000002
2026-01-12 09:45:00,13.02,12.96,13.02,12.95,-0.54,-0.07,37905.0,49217825.0,0.54,0.66,12.5874,12.3478
2026-01-12 09:50:00,12.96,12.86,13.0,12.84,-0.77,-0.1,37125.0,47967195.0,1.23,0.65,12.5928,12.351299999999998
2026-01-12 09:55:00,12.86,12.74,12.9,12.7,-0.93,-0.12,58309.0,74750901.0,1.56,1.02,12.593800000000002,12.35395
2026-01-12 10:00:00,12.74,12.77,12.82,12.72,0.24,0.03,27415.0,35011217.0,0.78,0.48,12.597000000000001,12.357000000000001
2026-01-12 10:05:00,12.76,12.81,12.81,12.75,0.31,0.04,19278.0,24638626.0,0.47,0.34,12.599399999999997,12.36005
2026-01-12 10:10:00,12.81,12.81,12.89,12.79,0.0,0.0,18350.0,23549584.0,0.78,0.32,12.599200000000002,12.363199999999999
2026-01-12 10:15:00,12.81,12.88,12.89,12.81,0.55,0.07,18139.0,23289459.0,0.62,0.32,12.601,12.3675
2026-01-12 10:20:00,12.87,12.9,12.9,12.84,0.16,0.02,19762.0,25447034.0,0.47,0.34,12.6022,12.371749999999999
2026-01-12 10:25:00,12.88,12.79,12.9,12.79,-0.85,-0.11,19141.0,24593535.0,0.85,0.33,12.6028,12.37565
2026-01-12 10:30:00,12.79,12.82,12.84,12.75,0.23,0.03,26124.0,33382416.0,0.7,0.46,12.603,12.38
2026-01-12 10:35:00,12.83,12.79,12.86,12.76,-0.23,-0.03,15131.0,19350412.0,0.78,0.26,12.6044,12.3838
2026-01-12 10:40:00,12.8,12.79,12.8,12.75,0.0,0.0,14963.0,19103750.0,0.39,0.26,12.6068,12.3874
2026-01-12 10:45:00,12.79,12.82,12.83,12.78,0.23,0.03,12100.0,15493966.0,0.39,0.21,12.6078,12.3913
2026-01-12 10:50:00,12.82,12.82,12.83,12.8,0.0,0.0,8085.0,10364471.0,0.23,0.14,12.6074,12.395299999999999
2026-01-12 10:55:00,12.82,12.79,12.83,12.79,-0.23,-0.03,8270.0,10595269.0,0.31,0.14,12.6062,12.398800000000001
2026-01-12 11:00:00,12.8,12.81,12.83,12.8,0.16,0.02,11555.0,14800615.0,0.23,0.2,12.606399999999999,12.4021
2026-01-12 11:05:00,12.81,12.84,12.85,12.8,0.23,0.03,8894.0,11409974.0,0.39,0.16,12.6074,12.4057
2026-01-12 11:10:00,12.83,12.86,12.87,12.83,0.16,0.02,10674.0,13716311.0,0.31,0.19,12.6098,12.409500000000001
2026-01-12 11:15:00,12.85,12.82,12.87,12.82,-0.31,-0.04,10596.0,13617478.0,0.39,0.18,12.6132,12.4131
2026-01-12 11:20:00,12.82,12.85,12.86,12.82,0.23,0.03,8821.0,11317276.0,0.31,0.15,12.618999999999998,12.41695
2026-01-12 11:25:00,12.86,12.85,12.88,12.83,0.0,0.0,7190.0,9245048.0,0.39,0.13,12.6252,12.42085
2026-01-12 11:30:00,12.85,12.88,12.88,12.83,0.23,0.03,9412.0,12101757.0,0.39,0.16,12.633,12.4251
2026-01-12 13:05:00,12.89,12.9,12.94,12.88,0.16,0.02,19611.0,25320123.0,0.47,0.34,12.642999999999999,12.429549999999999
2026-01-12 13:10:00,12.89,12.88,12.93,12.88,-0.16,-0.02,12377.0,15971481.0,0.39,0.22,12.651799999999998,12.433900000000001
2026-01-12 13:15:00,12.88,12.83,12.89,12.83,-0.39,-0.05,17674.0,22741057.0,0.47,0.31,12.6612,12.437899999999999
2026-01-12 13:20:00,12.82,12.79,12.82,12.77,-0.31,-0.04,19436.0,24865743.0,0.39,0.34,12.6676,12.4421
2026-01-12 13:25:00,12.79,12.84,12.84,12.79,0.39,0.05,9871.0,12643294.0,0.39,0.17,12.6768,12.4464
2026-01-12 13:30:00,12.84,12.93,12.98,12.83,0.7,0.09,21831.0,28212851.0,1.17,0.38,12.6876,12.451099999999999
2026-01-12 13:35:00,12.94,12.92,12.96,12.9,-0.08,-0.01,10605.0,13703207.0,0.46,0.19,12.699200000000001,12.45565
2026-01-12 13:40:00,12.92,12.92,12.93,12.9,0.0,0.0,7114.0,9187709.0,0.23,0.12,12.710799999999999,12.4601
2026-01-12 13:45:00,12.92,12.9,12.92,12.87,-0.15,-0.02,12360.0,15936212.0,0.39,0.22,12.7216,12.4646
2026-01-12 13:50:00,12.91,12.94,12.94,12.9,0.31,0.04,9317.0,12037634.0,0.31,0.16,12.7322,12.469350000000002
2026-01-12 13:55:00,12.93,12.99,12.99,12.93,0.39,0.05,10896.0,14119306.0,0.46,0.19,12.7432,12.474300000000001
2026-01-12 14:00:00,12.98,12.99,13.03,12.98,0.0,0.0,24969.0,32466415.0,0.38,0.44,12.7542,12.479299999999999
2026-01-12 14:05:00,12.98,13.0,13.0,12.98,0.08,0.01,9894.0,12852786.0,0.15,0.17,12.7664,12.484199999999998
2026-01-12 14:10:00,13.0,12.99,13.02,12.98,-0.08,-0.01,10332.0,13428405.0,0.31,0.18,12.7778,12.489
2026-01-12 14:15:00,12.98,12.97,12.99,12.97,-0.15,-0.02,7542.0,9786857.0,0.15,0.13,12.788400000000001,12.493699999999999
2026-01-12 14:20:00,12.98,12.96,12.98,12.95,-0.08,-0.01,6045.0,7835763.0,0.23,0.11,12.798599999999999,12.4985
2026-01-12 14:25:00,12.96,12.99,12.99,12.96,0.23,0.03,8019.0,10408826.0,0.23,0.14,12.8092,12.50355
2026-01-12 14:30:00,12.98,12.98,12.99,12.98,-0.08,-0.01,6832.0,8870865.0,0.08,0.12,12.8198,12.50845
2026-01-12 14:35:00,12.98,12.93,13.0,12.92,-0.39,-0.05,13039.0,16901534.0,0.62,0.23,12.828999999999999,12.5131
2026-01-12 14:40:00,12.92,12.94,12.95,12.9,0.08,0.01,14019.0,18123441.0,0.39,0.24,12.8378,12.517750000000001
2026-01-12 14:45:00,12.95,12.98,12.99,12.95,0.31,0.04,11614.0,15060479.0,0.31,0.2,12.8478,12.52265
2026-01-12 14:50:00,12.98,12.94,13.0,12.93,-0.31,-0.04,19535.0,25332829.0,0.54,0.34,12.855799999999999,12.527250000000002
2026-01-12 14:55:00,12.93,12.94,12.95,12.92,0.0,0.0,19411.0,25113431.0,0.23,0.34,12.864,12.531600000000001
2026-01-12 15:00:00,12.94,13.0,13.0,12.94,0.46,0.06,29851.0,38770337.0,0.46,0.52,12.873,12.536200000000001
2026-01-13 09:35:00,12.77,12.14,12.77,12.09,-6.62,-0.86,130983.0,161941206.0,5.23,2.29,12.865599999999999,12.5365
2026-01-13 09:40:00,12.15,12.28,12.31,12.06,1.15,0.14,63971.0,77798001.0,2.06,1.12,12.8608,12.537550000000001
2026-01-13 09:45:00,12.27,12.05,12.29,12.0,-1.87,-0.23,88793.0,107767106.0,2.36,1.55,12.8442,12.53755
2026-01-13 09:50:00,12.04,12.06,12.11,12.04,0.08,0.01,52164.0,63004601.0,0.58,0.91,12.8248,12.5376
2026-01-13 09:55:00,12.05,11.93,12.07,11.9,-1.08,-0.13,63348.0,75740116.0,1.41,1.11,12.804200000000002,12.5371
2026-01-13 10:00:00,11.91,12.05,12.06,11.91,1.01,0.12,28179.0,33738627.0,1.26,0.49,12.788,12.5372
2026-01-13 10:05:00,12.05,12.05,12.08,12.02,0.0,0.0,17134.0,20645495.0,0.5,0.3,12.774199999999999,12.537250000000002
2026-01-13 10:10:00,12.06,12.06,12.07,12.01,0.08,0.01,14307.0,17229703.0,0.5,0.25,12.76,12.537249999999998
2026-01-13 10:15:00,12.06,12.06,12.12,12.05,0.0,0.0,15218.0,18404881.0,0.58,0.27,12.745,12.5373
2026-01-13 10:20:00,12.06,12.0,12.06,12.0,-0.5,-0.06,17256.0,20746866.0,0.5,0.3,12.7288,12.53635
2026-01-13 10:25:00,12.01,11.96,12.01,11.95,-0.33,-0.04,13113.0,15708495.0,0.5,0.23,12.7104,12.535250000000001
2026-01-13 10:30:00,11.96,11.97,11.99,11.94,0.08,0.01,11537.0,13805127.0,0.42,0.2,12.6918,12.5338
2026-01-13 10:35:00,11.97,11.91,11.97,11.91,-0.5,-0.06,14401.0,17181686.0,0.5,0.25,12.6742,12.532250000000001
2026-01-13 10:40:00,11.92,11.99,12.02,11.92,0.67,0.08,11465.0,13741170.0,0.84,0.2,12.6576,12.5315
2026-01-13 10:45:00,12.01,12.0,12.02,11.99,0.08,0.01,5484.0,6582774.0,0.25,0.1,12.6418,12.5304
2026-01-13 10:50:00,12.01,12.06,12.07,12.0,0.5,0.06,6030.0,7253542.0,0.58,0.11,12.627199999999998,12.529499999999999
2026-01-13 10:55:00,12.06,11.97,12.07,11.97,-0.75,-0.09,8970.0,10785051.0,0.83,0.16,12.610199999999999,12.528300000000002
2026-01-13 11:00:00,11.99,12.07,12.08,11.99,0.84,0.1,8314.0,9991742.0,0.75,0.15,12.5952,12.527999999999999
2026-01-13 11:05:00,12.08,12.12,12.12,12.07,0.41,0.05,9738.0,11777534.0,0.41,0.17,12.581800000000001,12.528300000000002
2026-01-13 11:10:00,12.12,12.13,12.15,12.1,0.08,0.01,10469.0,12697810.0,0.41,0.18,12.568200000000001,12.5284
2026-01-13 11:15:00,12.13,12.15,12.15,12.12,0.16,0.02,5911.0,7173310.0,0.25,0.1,12.554400000000001,12.5283
2026-01-13 11:20:00,12.14,12.22,12.27,12.14,0.58,0.07,14124.0,17256226.0,1.07,0.25,12.5416,12.528200000000002
2026-01-13 11:25:00,12.21,12.09,12.21,12.09,-1.06,-0.13,11112.0,13519485.0,0.98,0.19,12.526999999999997,12.527149999999999
2026-01-13 11:30:00,12.09,12.1,12.13,12.07,0.08,0.01,6237.0,7547822.0,0.5,0.11,12.512,12.526450000000002
2026-01-13 13:05:00,12.1,12.13,12.17,12.09,0.25,0.03,9140.0,11086262.0,0.66,0.16,12.4976,12.526
2026-01-13 13:10:00,12.13,12.05,12.13,12.05,-0.66,-0.08,3699.0,4469257.0,0.66,0.06,12.481000000000002,12.525150000000002
2026-01-13 13:15:00,12.06,12.03,12.08,12.03,-0.17,-0.02,6480.0,7809237.0,0.41,0.11,12.463600000000001,12.52425
2026-01-13 13:20:00,12.04,12.03,12.06,12.03,0.0,0.0,4672.0,5627169.0,0.25,0.08,12.446599999999998,12.52335
2026-01-13 13:25:00,12.03,12.04,12.06,12.01,0.08,0.01,7158.0,8614570.0,0.42,0.12,12.430800000000001,12.52245
2026-01-13 13:30:00,12.05,12.05,12.06,12.02,0.08,0.01,5609.0,6750625.0,0.33,0.1,12.416000000000002,12.52155
2026-01-13 13:35:00,12.05,12.01,12.05,12.0,-0.33,-0.04,7424.0,8922286.0,0.41,0.13,12.3994,12.520199999999999
2026-01-13 13:40:00,12.02,12.05,12.05,12.01,0.33,0.04,5213.0,6270169.0,0.33,0.09,12.381799999999998,12.51875
2026-01-13 13:45:00,12.05,12.07,12.08,12.04,0.17,0.02,4186.0,5049586.0,0.33,0.07,12.3648,12.5175
2026-01-13 13:50:00,12.08,12.07,12.09,12.04,0.0,0.0,7027.0,8474895.0,0.41,0.12,12.347800000000001,12.516399999999999
2026-01-13 13:55:00,12.08,12.08,12.1,12.06,0.08,0.01,5243.0,6330695.0,0.33,0.09,12.331399999999999,12.5151
2026-01-13 14:00:00,12.08,12.07,12.09,12.06,-0.08,-0.01,4413.0,5328216.0,0.25,0.08,12.314,12.513900000000001
2026-01-13 14:05:00,12.07,12.05,12.09,12.04,-0.17,-0.02,6112.0,7373011.0,0.41,0.11,12.2952,12.512700000000002
2026-01-13 14:10:00,12.05,12.01,12.05,12.01,-0.33,-0.04,9078.0,10913042.0,0.33,0.16,12.275599999999999,12.51135
2026-01-13 14:15:00,12.02,12.01,12.03,12.0,0.0,0.0,7327.0,8803093.0,0.25,0.13,12.255799999999999,12.509950000000002
2026-01-13 14:20:00,12.01,11.98,12.02,11.98,-0.25,-0.03,12264.0,14713167.0,0.33,0.21,12.2356,12.508200000000002
2026-01-13 14:25:00,11.99,12.0,12.02,11.99,0.17,0.02,7835.0,9403686.0,0.25,0.14,12.216199999999999,12.506650000000002
2026-01-13 14:30:00,12.0,11.97,12.02,11.97,-0.25,-0.03,8695.0,10429775.0,0.42,0.15,12.1964,12.5052
2026-01-13 14:35:00,11.97,11.96,12.01,11.96,-0.08,-0.01,11658.0,13966021.0,0.42,0.2,12.175800000000002,12.5035
2026-01-13 14:40:00,11.95,11.93,11.97,11.92,-0.25,-0.03,17481.0,20873107.0,0.42,0.31,12.1548,12.50165
2026-01-13 14:45:00,11.93,11.93,11.95,11.92,0.0,0.0,17313.0,20656108.0,0.25,0.3,12.1348,12.499850000000002
2026-01-13 14:50:00,11.92,11.91,11.93,11.88,-0.17,-0.02,32965.0,39237718.0,0.42,0.58,12.1142,12.4979
2026-01-13 14:55:00,11.91,11.95,11.96,11.91,0.34,0.04,15330.0,18299164.0,0.42,0.27,12.093599999999999,12.49595
2026-01-13 15:00:00,11.95,11.93,11.96,11.93,-0.17,-0.02,18640.0,22261176.0,0.25,0.33,12.073400000000001,12.49405
2026-01-14 09:35:00,11.96,11.96,12.13,11.92,0.25,0.03,40499.0,48643768.0,1.76,0.71,12.053799999999999,12.492150000000002
2026-01-14 09:40:00,11.95,11.98,12.0,11.82,0.17,0.02,37247.0,44376325.0,1.51,0.65,12.033399999999999,12.490600000000002
2026-01-14 09:45:00,11.98,11.95,12.0,11.91,-0.25,-0.03,21556.0,25758761.0,0.75,0.38,12.0296,12.4892
2026-01-14 09:50:00,11.95,11.84,11.95,11.84,-0.92,-0.11,25595.0,30416463.0,0.92,0.45,12.020800000000001,12.486950000000002
2026-01-14 09:55:00,11.84,11.77,11.84,11.73,-0.59,-0.07,32731.0,38614336.0,0.93,0.57,12.0152,12.4846
2026-01-14 10:00:00,11.76,11.91,11.95,11.76,1.19,0.14,18479.0,21919768.0,1.61,0.32,12.0122,12.48295
2026-01-14 10:05:00,11.92,11.97,11.97,11.89,0.5,0.06,15696.0,18717676.0,0.67,0.27,12.013,12.481499999999999
2026-01-14 10:10:00,11.96,12.04,12.04,11.95,0.58,0.07,14440.0,17317843.0,0.75,0.25,12.0128,12.480450000000001
2026-01-14 10:15:00,12.03,12.08,12.08,11.99,0.33,0.04,14818.0,17840455.0,0.75,0.26,12.0134,12.479250000000002
2026-01-14 10:20:00,12.07,12.08,12.12,12.07,0.0,0.0,14392.0,17405512.0,0.41,0.25,12.013799999999998,12.4782
2026-01-14 10:25:00,12.08,12.14,12.15,12.08,0.5,0.06,17608.0,21331881.0,0.58,0.31,12.015400000000001,12.477
2026-01-14 10:30:00,12.14,12.17,12.18,12.11,0.25,0.03,15913.0,19315383.0,0.58,0.28,12.0188,12.476500000000001
2026-01-14 10:35:00,12.17,12.17,12.24,12.16,0.0,0.0,13549.0,16529682.0,0.66,0.24,12.023,12.475
2026-01-14 10:40:00,12.16,12.16,12.18,12.14,-0.08,-0.01,7737.0,9409692.0,0.33,0.14,12.026800000000001,12.473099999999999
2026-01-14 10:45:00,12.18,12.18,12.2,12.16,0.16,0.02,7209.0,8779304.0,0.33,0.13,12.0322,12.471499999999999
2026-01-14 10:50:00,12.18,12.18,12.2,12.18,0.0,0.0,4054.0,4940879.0,0.16,0.07,12.036,12.4699
2026-01-14 10:55:00,12.19,12.13,12.19,12.13,-0.41,-0.05,6588.0,8010529.0,0.49,0.11,12.038599999999999,12.468100000000002
2026-01-14 11:00:00,12.14,12.13,12.18,12.12,0.0,0.0,7456.0,9064820.0,0.49,0.13,12.040000000000003,12.46595
2026-01-14 11:05:00,12.13,12.18,12.18,12.12,0.41,0.05,7580.0,9209527.0,0.49,0.13,12.0442,12.4642
2026-01-14 11:10:00,12.18,12.2,12.21,12.18,0.16,0.02,7143.0,8710732.0,0.25,0.12,12.046800000000001,12.4627
2026-01-14 11:15:00,12.2,12.21,12.23,12.19,0.08,0.01,6578.0,8033022.0,0.33,0.11,12.048599999999999,12.460899999999999
2026-01-14 11:20:00,12.22,12.22,12.24,12.21,0.08,0.01,6726.0,8222200.0,0.25,0.12,12.0504,12.458850000000002
2026-01-14 11:25:00,12.23,12.24,12.27,12.22,0.16,0.02,11689.0,14315985.0,0.41,0.2,12.052200000000001,12.456949999999999
2026-01-14 11:30:00,12.24,12.26,12.27,12.24,0.16,0.02,5984.0,7334888.0,0.25,0.1,12.052999999999999,12.455100000000002
2026-01-14 13:05:00,12.26,12.22,12.28,12.15,-0.33,-0.04,18891.0,23048385.0,1.06,0.33,12.055600000000002,12.45335
2026-01-14 13:10:00,12.2,12.09,12.21,12.07,-1.06,-0.13,24879.0,30132213.0,1.15,0.43,12.055399999999999,12.451100000000002
2026-01-14 13:15:00,12.09,12.05,12.17,12.05,-0.33,-0.04,10802.0,13090523.0,0.99,0.19,12.0538,12.44895
2026-01-14 13:20:00,12.04,12.04,12.05,11.96,-0.08,-0.01,14198.0,17039757.0,0.75,0.25,12.0536,12.44685
2026-01-14 13:25:00,12.04,12.0,12.1,11.97,-0.33,-0.04,10642.0,12804959.0,1.08,0.19,12.052999999999999,12.444849999999999
2026-01-14 13:30:00,11.99,11.99,12.0,11.96,-0.08,-0.01,10075.0,12068439.0,0.33,0.18,12.052200000000001,12.4424
2026-01-14 13:35:00,11.99,11.94,12.03,11.94,-0.42,-0.05,8374.0,10028918.0,0.75,0.15,12.0502,12.4397
2026-01-14 13:40:00,11.94,11.94,11.99,11.92,0.0,0.0,9659.0,11545686.0,0.59,0.17,12.048,12.436850000000002
2026-01-14 13:45:00,11.94,11.92,11.96,11.92,-0.17,-0.02,5551.0,6627593.0,0.34,0.1,12.0462,12.43365
2026-01-14 13:50:00,11.92,11.91,11.93,11.9,-0.08,-0.01,6407.0,7633861.0,0.25,0.11,12.043400000000002,12.43045
2026-01-14 13:55:00,11.91,11.89,11.91,11.87,-0.17,-0.02,12089.0,14369819.0,0.34,0.21,12.0398,12.427249999999999
2026-01-14 14:00:00,11.88,11.78,11.88,11.78,-0.93,-0.11,15628.0,18483627.0,0.84,0.27,12.033999999999999,12.423350000000001
2026-01-14 14:05:00,11.78,11.83,11.83,11.75,0.42,0.05,11862.0,13970929.0,0.68,0.21,12.029000000000002,12.4199
2026-01-14 14:10:00,11.83,11.78,11.83,11.73,-0.42,-0.05,10767.0,12666751.0,0.85,0.19,12.0232,12.416099999999998
2026-01-14 14:15:00,11.78,11.88,11.88,11.78,0.85,0.1,6307.0,7469589.0,0.85,0.11,12.0198,12.4126
2026-01-14 14:20:00,11.88,11.88,11.89,11.85,0.0,0.0,4687.0,5563403.0,0.34,0.08,12.0172,12.40915
2026-01-14 14:25:00,11.89,11.91,11.91,11.88,0.25,0.03,5167.0,6146002.0,0.25,0.09,12.0152,12.405999999999999
2026-01-14 14:30:00,11.91,11.93,11.95,11.91,0.17,0.02,4833.0,5766214.0,0.34,0.08,12.0142,12.402899999999999
2026-01-14 14:35:00,11.93,11.88,11.94,11.88,-0.42,-0.05,5120.0,6093238.0,0.5,0.09,12.011800000000001,12.39955
2026-01-14 14:40:00,11.88,11.85,11.88,11.83,-0.25,-0.03,5735.0,6797797.0,0.42,0.1,12.009400000000001,12.3959
2026-01-14 14:45:00,11.83,11.85,11.9,11.83,0.0,0.0,9967.0,11823612.0,0.59,0.17,12.007199999999997,12.392050000000001
2026-01-14 14:50:00,11.85,11.84,11.87,11.83,-0.08,-0.01,8701.0,10309724.0,0.34,0.15,12.0054,12.38855
2026-01-14 14:55:00,11.84,11.85,11.87,11.84,0.08,0.01,13087.0,15511212.0,0.25,0.23,12.003800000000002,12.385399999999999
2026-01-14 15:00:00,11.84,11.86,11.86,11.83,0.08,0.01,12468.0,14771565.0,0.25,0.22,12.0028,12.382
2026-01-15 09:35:00,11.71,11.84,11.89,11.69,-0.17,-0.02,32426.0,38140553.0,1.69,0.57,12.000600000000002,12.378350000000001
2026-01-15 09:40:00,11.83,11.69,11.96,11.68,-1.27,-0.15,44364.0,52562959.0,2.36,0.77,11.9958,12.373800000000001
2026-01-15 09:45:00,11.67,11.81,11.87,11.65,1.03,0.12,16052.0,18892503.0,1.88,0.28,11.992800000000003,12.369850000000001
2026-01-15 09:50:00,11.81,11.74,11.81,11.71,-0.59,-0.07,16116.0,18912464.0,0.85,0.28,11.988000000000001,12.365499999999999
2026-01-15 09:55:00,11.75,11.78,11.8,11.7,0.34,0.04,12548.0,14729320.0,0.85,0.22,11.9846,12.36135
2026-01-15 10:00:00,11.78,11.79,11.81,11.77,0.08,0.01,8393.0,9896800.0,0.34,0.15,11.9836,12.357349999999999
2026-01-15 10:05:00,11.78,11.73,11.78,11.72,-0.51,-0.06,8281.0,9723933.0,0.51,0.14,11.9828,12.353050000000001
2026-01-15 10:10:00,11.74,11.68,11.74,11.62,-0.43,-0.05,20925.0,24436639.0,1.02,0.37,11.9782,12.34835
2026-01-15 10:15:00,11.68,11.68,11.71,11.65,0.0,0.0,8073.0,9427735.0,0.51,0.14,11.9724,12.344250000000002
2026-01-15 10:20:00,11.68,11.71,11.76,11.66,0.26,0.03,6406.0,7495123.0,0.86,0.11,11.9658,12.339850000000002
2026-01-15 10:25:00,11.72,11.66,11.73,11.64,-0.43,-0.05,5111.0,5964292.0,0.77,0.09,11.9574,12.3347
2026-01-15 10:30:00,11.67,11.64,11.67,11.63,-0.17,-0.02,6276.0,7313170.0,0.34,0.11,11.9486,12.329849999999999
2026-01-15 10:35:00,11.64,11.65,11.67,11.63,0.09,0.01,7667.0,8930405.0,0.34,0.13,11.938799999999999,12.324649999999998
2026-01-15 10:40:00,11.66,11.66,11.69,11.64,0.09,0.01,4752.0,5543426.0,0.43,0.08,11.9286,12.31885
2026-01-15 10:45:00,11.66,11.58,11.67,11.58,-0.69,-0.08,17260.0,20060103.0,0.77,0.3,11.9168,12.312800000000003
2026-01-15 10:50:00,11.58,11.59,11.6,11.57,0.09,0.01,7416.0,8591792.0,0.26,0.13,11.9054,12.30655
2026-01-15 10:55:00,11.59,11.56,11.61,11.56,-0.26,-0.03,6216.0,7199055.0,0.43,0.11,11.892999999999999,12.300549999999998
2026-01-15 11:00:00,11.56,11.52,11.57,11.51,-0.35,-0.04,9169.0,10577575.0,0.52,0.16,11.8798,12.294099999999998
2026-01-15 11:05:00,11.52,11.51,11.53,11.46,-0.09,-0.01,16982.0,19516912.0,0.61,0.3,11.8674,12.28805
2026-01-15 11:10:00,11.51,11.57,11.57,11.51,0.52,0.06,5988.0,6910597.0,0.52,0.1,11.8562,12.28255
2026-01-15 11:15:00,11.57,11.52,11.57,11.51,-0.43,-0.05,3431.0,3958721.0,0.52,0.06,11.843,12.2763
2026-01-15 11:20:00,11.53,11.51,11.53,11.49,-0.09,-0.01,6268.0,7211702.0,0.35,0.11,11.829199999999998,12.269649999999999
2026-01-15 11:25:00,11.51,11.45,11.51,11.45,-0.52,-0.06,6689.0,7674747.0,0.52,0.12,11.814,12.262649999999999
2026-01-15 11:30:00,11.45,11.46,11.47,11.42,0.09,0.01,11673.0,13351621.0,0.44,0.2,11.798800000000002,12.25595
2026-01-15 13:05:00,11.46,11.41,11.47,11.4,-0.44,-0.05,13226.0,15119499.0,0.61,0.23,11.7822,12.24905
2026-01-15 13:10:00,11.4,11.41,11.44,11.39,0.0,0.0,6870.0,7840760.0,0.44,0.12,11.7652,12.2424
2026-01-15 13:15:00,11.41,11.46,11.46,11.4,0.44,0.05,5825.0,6663648.0,0.53,0.1,11.75,12.23645
2026-01-15 13:20:00,11.46,11.39,11.47,11.39,-0.61,-0.07,7889.0,9013199.0,0.7,0.14,11.736,12.230599999999999
2026-01-15 13:25:00,11.39,11.42,11.42,11.38,0.26,0.03,6978.0,7949843.0,0.35,0.12,11.7234,12.225
2026-01-15 13:30:00,11.41,11.47,11.48,11.41,0.44,0.05,6942.0,7938720.0,0.61,0.12,11.712,12.2199
2026-01-15 13:35:00,11.48,11.45,11.48,11.43,-0.17,-0.02,5043.0,5775365.0,0.44,0.09,11.701,12.215150000000001
2026-01-15 13:40:00,11.46,11.42,11.46,11.4,-0.26,-0.03,8393.0,9581139.0,0.52,0.15,11.6896,12.21005
2026-01-15 13:45:00,11.41,11.45,11.46,11.41,0.26,0.03,3958.0,4523662.0,0.44,0.07,11.6798,12.205499999999999
2026-01-15 13:50:00,11.45,11.5,11.52,11.45,0.44,0.05,4258.0,4889549.0,0.61,0.07,11.671000000000001,12.200650000000001
2026-01-15 13:55:00,11.5,11.49,11.52,11.48,-0.09,-0.01,6427.0,7390288.0,0.35,0.11,11.662399999999998,12.196200000000001
2026-01-15 14:00:00,11.51,11.48,11.52,11.47,-0.09,-0.01,3406.0,3915230.0,0.44,0.06,11.653799999999999,12.191650000000003
2026-01-15 14:05:00,11.48,11.44,11.48,11.42,-0.35,-0.04,4257.0,4872388.0,0.52,0.07,11.6448,12.187149999999999
2026-01-15 14:10:00,11.44,11.42,11.45,11.41,-0.17,-0.02,3874.0,4427491.0,0.35,0.07,11.637599999999999,12.182549999999999
2026-01-15 14:15:00,11.42,11.43,11.43,11.4,0.09,0.01,6821.0,7782154.0,0.26,0.12,11.6296,12.177900000000001
2026-01-15 14:20:00,11.42,11.39,11.42,11.39,-0.35,-0.04,3045.0,3472267.0,0.26,0.05,11.6218,12.1728
2026-01-15 14:25:00,11.39,11.42,11.42,11.39,0.26,0.03,4773.0,5443448.0,0.26,0.08,11.6126,12.1677
2026-01-15 14:30:00,11.42,11.47,11.5,11.42,0.44,0.05,6900.0,7910884.0,0.7,0.12,11.6044,12.162849999999999
2026-01-15 14:35:00,11.48,11.46,11.5,11.43,-0.09,-0.01,5764.0,6607067.0,0.61,0.1,11.595400000000001,12.158199999999999
2026-01-15 14:40:00,11.45,11.47,11.47,11.43,0.09,0.01,5918.0,6776590.0,0.35,0.1,11.586199999999998,12.15345
2026-01-15 14:45:00,11.48,11.53,11.53,11.47,0.52,0.06,6453.0,7416895.0,0.52,0.11,11.5792,12.1489
2026-01-15 14:50:00,11.52,11.53,11.53,11.5,0.0,0.0,7657.0,8818488.0,0.26,0.13,11.572799999999999,12.144300000000001
2026-01-15 14:55:00,11.52,11.53,11.55,11.5,0.0,0.0,9283.0,10699185.0,0.43,0.16,11.566400000000002,12.13965
2026-01-15 15:00:00,11.54,11.54,11.55,11.52,0.09,0.01,6221.0,7178380.0,0.26,0.11,11.5604,12.1351
2026-01-16 09:35:00,11.63,11.64,11.71,11.58,0.87,0.1,24609.0,28654811.0,1.13,0.43,11.556199999999999,12.13095
2026-01-16 09:40:00,11.64,11.66,11.78,11.62,0.17,0.02,35466.0,41427953.0,1.37,0.62,11.552200000000001,12.12675
2026-01-16 09:45:00,11.67,11.68,11.72,11.65,0.17,0.02,16710.0,19534441.0,0.6,0.29,11.549,12.122749999999998
2026-01-16 09:50:00,11.68,11.64,11.73,11.62,-0.34,-0.04,16962.0,19788687.0,0.94,0.3,11.548,12.11825
2026-01-16 09:55:00,11.65,11.84,11.86,11.65,1.72,0.2,34806.0,41015440.0,1.8,0.61,11.548599999999999,12.1148
2026-01-16 10:00:00,11.84,11.81,11.9,11.81,-0.25,-0.03,28143.0,33357230.0,0.76,0.49,11.55,12.111099999999999
2026-01-16 10:05:00,11.82,11.82,11.85,11.78,0.08,0.01,17139.0,20251443.0,0.59,0.3,11.550799999999999,12.107650000000001
2026-01-16 10:10:00,11.81,11.84,11.92,11.81,0.17,0.02,24388.0,28943247.0,0.93,0.43,11.5518,12.104250000000002
2026-01-16 10:15:00,11.84,11.9,12.01,11.81,0.51,0.06,33912.0,40433433.0,1.69,0.59,11.5552,12.099350000000001
2026-01-16 10:20:00,11.91,11.78,11.91,11.77,-1.01,-0.12,13248.0,15680317.0,1.18,0.23,11.5572,12.0931
2026-01-16 10:25:00,11.78,11.71,11.81,11.7,-0.59,-0.07,16232.0,19118536.0,0.93,0.28,11.5578,12.08685
2026-01-16 10:30:00,11.7,11.68,11.72,11.66,-0.26,-0.03,10993.0,12839915.0,0.51,0.19,11.5572,12.08095
2026-01-16 10:35:00,11.69,11.67,11.71,11.64,-0.09,-0.01,10300.0,12018078.0,0.6,0.18,11.5574,12.0756
2026-01-16 10:40:00,11.67,11.67,11.7,11.66,0.0,0.0,6201.0,7244037.0,0.34,0.11,11.558,12.0701
2026-01-16 10:45:00,11.68,11.62,11.68,11.62,-0.43,-0.05,4132.0,4811479.0,0.51,0.07,11.5574,12.06415
2026-01-16 10:50:00,11.63,11.58,11.63,11.57,-0.34,-0.04,12783.0,14825224.0,0.52,0.22,11.555800000000001,12.058
2026-01-16 10:55:00,11.59,11.58,11.62,11.56,0.0,0.0,7627.0,8837763.0,0.52,0.13,11.5558,12.0515
2026-01-16 11:00:00,11.57,11.58,11.6,11.57,0.0,0.0,3535.0,4096517.0,0.26,0.06,11.5556,12.0449
2026-01-16 11:05:00,11.59,11.68,11.68,11.58,0.86,0.1,6617.0,7696877.0,0.86,0.12,11.558,12.039349999999999
2026-01-16 11:10:00,11.68,11.68,11.72,11.67,0.0,0.0,3568.0,4172010.0,0.43,0.06,11.561200000000001,12.03365
2026-01-16 11:15:00,11.68,11.65,11.69,11.64,-0.26,-0.03,3139.0,3660481.0,0.43,0.05,11.564,12.027949999999999
2026-01-16 11:20:00,11.66,11.62,11.69,11.61,-0.26,-0.03,4798.0,5590102.0,0.69,0.08,11.565,12.0221
2026-01-16 11:25:00,11.63,11.7,11.7,11.62,0.69,0.08,2707.0,3157780.0,0.69,0.05,11.568600000000002,12.0165
2026-01-16 11:30:00,11.7,11.71,11.74,11.69,0.09,0.01,4362.0,5112892.0,0.43,0.08,11.5726,12.010950000000001
2026-01-16 13:05:00,11.73,11.79,11.79,11.71,0.68,0.08,11390.0,13410625.0,0.68,0.2,11.5794,12.00595
2026-01-16 13:10:00,11.79,11.79,11.83,11.76,0.0,0.0,7855.0,9261755.0,0.59,0.14,11.585999999999999,12.00085
2026-01-16 13:15:00,11.79,11.79,11.85,11.76,0.0,0.0,5002.0,5903725.0,0.76,0.09,11.593599999999999,11.9956
2026-01-16 13:20:00,11.79,11.77,11.8,11.75,-0.17,-0.02,2869.0,3374478.0,0.42,0.05,11.6008,11.990149999999998
2026-01-16 13:25:00,11.76,11.74,11.76,11.72,-0.25,-0.03,2737.0,3213441.0,0.34,0.05,11.606399999999999,11.984750000000002
2026-01-16 13:30:00,11.74,11.74,11.75,11.72,0.0,0.0,2938.0,3448171.0,0.26,0.05,11.613399999999999,11.9792
2026-01-16 13:35:00,11.73,11.73,11.76,11.72,-0.09,-0.01,5873.0,6893192.0,0.34,0.1,11.6196,11.9736
2026-01-16 13:40:00,11.74,11.81,11.82,11.74,0.68,0.08,3930.0,4629904.0,0.68,0.07,11.6264,11.968250000000001
2026-01-16 13:45:00,11.81,11.78,11.81,11.77,-0.25,-0.03,4307.0,5081869.0,0.34,0.08,11.633,11.962650000000002
2026-01-16 13:50:00,11.78,11.79,11.81,11.78,0.08,0.01,2895.0,3414063.0,0.25,0.05,11.6404,11.9572
2026-01-16 13:55:00,11.78,11.75,11.78,11.75,-0.34,-0.04,4020.0,4728650.0,0.25,0.07,11.646399999999998,11.9518
2026-01-16 14:00:00,11.75,11.77,11.78,11.75,0.17,0.02,3748.0,4408161.0,0.26,0.07,11.651799999999998,11.9467
2026-01-16 14:05:00,11.77,11.74,11.78,11.74,-0.25,-0.03,4855.0,5706397.0,0.34,0.08,11.6568,11.941199999999998
2026-01-16 14:10:00,11.74,11.74,11.76,11.73,0.0,0.0,2620.0,3075583.0,0.26,0.05,11.662,11.935250000000002
2026-01-16 14:15:00,11.74,11.72,11.75,11.72,-0.17,-0.02,4579.0,5370689.0,0.26,0.08,11.6676,11.92925
2026-01-16 14:20:00,11.73,11.72,11.73,11.7,0.0,0.0,3486.0,4082056.0,0.26,0.06,11.6736,11.923250000000001
2026-01-16 14:25:00,11.71,11.71,11.74,11.7,-0.09,-0.01,4319.0,5060760.0,0.34,0.08,11.679199999999998,11.917300000000001
2026-01-16 14:30:00,11.71,11.69,11.72,11.69,-0.17,-0.02,3763.0,4404913.0,0.26,0.07,11.6852,11.911049999999998
2026-01-16 14:35:00,11.69,11.69,11.7,11.67,0.0,0.0,5946.0,6947122.0,0.26,0.1,11.6906,11.904549999999999
2026-01-16 14:40:00,11.69,11.69,11.71,11.68,0.0,0.0,4153.0,4855318.0,0.26,0.07,11.695,11.898050000000001
2026-01-16 14:45:00,11.68,11.68,11.69,11.67,-0.09,-0.01,6037.0,7050155.0,0.17,0.11,11.699399999999999,11.891450000000003
2026-01-16 14:50:00,11.67,11.67,11.68,11.66,-0.09,-0.01,9922.0,11574958.0,0.17,0.17,11.703400000000002,11.884849999999998
2026-01-16 14:55:00,11.67,11.68,11.68,11.66,0.09,0.01,11636.0,13580642.0,0.17,0.2,11.706399999999999,11.878400000000001
2026-01-16 15:00:00,11.67,11.71,11.71,11.67,0.26,0.03,10006.0,11701137.0,0.34,0.17,11.71,11.872150000000001
2026-01-19 09:35:00,11.58,11.53,11.82,11.51,-1.54,-0.18,33144.0,38590164.0,2.65,0.58,11.71,11.864849999999999
2026-01-19 09:40:00,11.53,11.71,11.71,11.52,1.56,0.18,17455.0,20265958.0,1.65,0.3,11.713400000000002,11.8585
2026-01-19 09:45:00,11.7,11.85,11.87,11.7,1.2,0.14,29303.0,34630270.0,1.45,0.51,11.717600000000003,11.8531
2026-01-19 09:50:00,11.86,12.01,12.07,11.85,1.35,0.16,51050.0,61071365.0,1.86,0.89,11.7246,11.84845
2026-01-19 09:55:00,12.01,12.13,12.2,12.01,1.0,0.12,42185.0,51113873.0,1.58,0.74,11.733600000000001,11.8442
2026-01-19 10:00:00,12.13,12.15,12.18,12.09,0.16,0.02,22516.0,27329400.0,0.74,0.39,11.7438,11.84025
2026-01-19 10:05:00,12.15,12.15,12.18,12.12,0.0,0.0,23605.0,28712486.0,0.49,0.41,11.75,11.8363
2026-01-19 10:10:00,12.16,12.12,12.17,12.06,-0.25,-0.03,13116.0,15877598.0,0.91,0.23,11.7562,11.831899999999997
2026-01-19 10:15:00,12.11,12.08,12.12,12.07,-0.33,-0.04,9409.0,11384290.0,0.41,0.16,11.761400000000002,11.831600000000002
2026-01-19 10:20:00,12.07,12.14,12.15,12.04,0.5,0.06,11293.0,13653586.0,0.91,0.2,11.7674,11.8309
2026-01-19 10:25:00,12.14,12.16,12.18,12.12,0.16,0.02,12193.0,14809227.0,0.49,0.21,11.7726,11.83145
2026-01-19 10:30:00,12.17,12.11,12.17,12.08,-0.41,-0.05,8878.0,10761140.0,0.74,0.15,11.779200000000001,11.831700000000001
2026-01-19 10:35:00,12.11,12.12,12.13,12.08,0.08,0.01,6940.0,8399317.0,0.41,0.12,11.7874,11.83265
2026-01-19 10:40:00,12.12,12.1,12.15,12.09,-0.17,-0.02,5797.0,7028686.0,0.5,0.1,11.795800000000002,11.8329
2026-01-19 10:45:00,12.09,12.07,12.11,12.04,-0.25,-0.03,9077.0,10949652.0,0.58,0.16,11.803799999999999,11.833
2026-01-19 10:50:00,12.07,12.11,12.12,12.07,0.33,0.04,3386.0,4096606.0,0.41,0.06,11.8126,11.83325
2026-01-19 10:55:00,12.12,12.1,12.13,12.09,-0.08,-0.01,3821.0,4625523.0,0.33,0.07,11.8222,11.833450000000001
2026-01-19 11:00:00,12.11,12.1,12.12,12.08,0.0,0.0,3548.0,4294826.0,0.33,0.06,11.8326,11.83395
2026-01-19 11:05:00,12.1,12.13,12.15,12.09,0.25,0.03,4302.0,5214439.0,0.5,0.08,11.843600000000002,11.8348
2026-01-19 11:10:00,12.14,12.13,12.16,12.12,0.0,0.0,5737.0,6966437.0,0.33,0.1,11.8546,11.835600000000001
2026-01-19 11:15:00,12.14,12.13,12.14,12.11,0.0,0.0,2975.0,3607754.0,0.25,0.05,11.863600000000002,11.836699999999999
2026-01-19 11:20:00,12.14,12.15,12.15,12.13,0.16,0.02,3769.0,4576730.0,0.16,0.07,11.873,11.8375
2026-01-19 11:25:00,12.15,12.12,12.15,12.09,-0.25,-0.03,5491.0,6656953.0,0.49,0.1,11.8824,11.838099999999999
2026-01-19 11:30:00,12.12,12.1,12.14,12.1,-0.17,-0.02,3046.0,3692827.0,0.33,0.05,11.892000000000001,11.838300000000002
2026-01-19 13:05:00,12.11,12.14,12.15,12.08,0.33,0.04,8148.0,9869684.0,0.58,0.14,11.900799999999998,11.83915
2026-01-19 13:10:00,12.14,12.25,12.28,12.13,0.91,0.11,29332.0,35802457.0,1.24,0.51,11.9116,11.840050000000002
2026-01-19 13:15:00,12.25,12.26,12.26,12.2,0.08,0.01,9558.0,11686065.0,0.49,0.17,11.921,11.840749999999998
2026-01-19 13:20:00,12.26,12.25,12.27,12.23,-0.08,-0.01,6883.0,8431940.0,0.33,0.12,11.9302,11.84135
2026-01-19 13:25:00,12.26,12.25,12.26,12.21,0.0,0.0,6275.0,7678485.0,0.41,0.11,11.939400000000001,11.841849999999999
2026-01-19 13:30:00,12.25,12.19,12.26,12.19,-0.49,-0.06,5896.0,7212261.0,0.57,0.1,11.947800000000003,11.841699999999998
2026-01-19 13:35:00,12.18,12.17,12.22,12.17,-0.16,-0.02,5295.0,6456354.0,0.41,0.09,11.9564,11.8421
2026-01-19 13:40:00,12.18,12.16,12.18,12.14,-0.08,-0.01,5158.0,6272251.0,0.33,0.09,11.9648,11.8424
2026-01-19 13:45:00,12.16,12.15,12.17,12.13,-0.08,-0.01,3620.0,4397963.0,0.33,0.06,11.973199999999999,11.8425
2026-01-19 13:50:00,12.14,12.16,12.17,12.14,0.08,0.01,4119.0,5004910.0,0.25,0.07,11.9802,11.84305
2026-01-19 13:55:00,12.16,12.13,12.16,12.12,-0.25,-0.03,4997.0,6066211.0,0.33,0.09,11.9872,11.84355
2026-01-19 14:00:00,12.13,12.2,12.21,12.13,0.58,0.07,9154.0,11137145.0,0.66,0.16,11.9954,11.8444
2026-01-19 14:05:00,12.19,12.19,12.21,12.17,-0.08,-0.01,5944.0,7246107.0,0.33,0.1,12.0042,11.84515
2026-01-19 14:10:00,12.18,12.19,12.19,12.16,0.0,0.0,3669.0,4468968.0,0.25,0.06,12.012599999999999,11.84585
2026-01-19 14:15:00,12.19,12.23,12.23,12.18,0.33,0.04,8119.0,9908001.0,0.41,0.14,12.0224,11.846950000000001
2026-01-19 14:20:00,12.24,12.5,12.64,12.23,2.21,0.27,89001.0,110869942.0,3.35,1.55,12.0376,11.849200000000002
2026-01-19 14:25:00,12.5,12.43,12.57,12.4,-0.56,-0.07,43630.0,54493790.0,1.36,0.76,12.0518,11.851
2026-01-19 14:30:00,12.43,12.43,12.44,12.35,0.0,0.0,13992.0,17334888.0,0.72,0.24,12.065999999999999,11.8528
2026-01-19 14:35:00,12.42,12.41,12.43,12.38,-0.16,-0.02,14598.0,18118140.0,0.4,0.25,12.08,11.854450000000002
2026-01-19 14:40:00,12.4,12.38,12.4,12.35,-0.24,-0.03,12583.0,15566965.0,0.4,0.22,12.093799999999998,11.856
2026-01-19 14:45:00,12.38,12.37,12.38,12.35,-0.08,-0.01,10177.0,12584948.0,0.24,0.18,12.1074,11.8576
2026-01-19 14:50:00,12.37,12.37,12.37,12.34,0.0,0.0,14488.0,17905438.0,0.24,0.25,12.120999999999999,11.8594
2026-01-19 14:55:00,12.37,12.38,12.39,12.36,0.08,0.01,17543.0,21719250.0,0.24,0.31,12.135,11.86125
2026-01-19 15:00:00,12.38,12.38,12.39,12.37,0.0,0.0,18961.0,23477990.0,0.16,0.33,12.149199999999999,11.863249999999999
2026-01-20 09:35:00,12.29,12.36,12.59,12.16,-0.16,-0.02,54834.0,68021518.0,3.47,0.96,12.162799999999999,11.865049999999998
2026-01-20 09:40:00,12.36,12.24,12.4,12.2,-0.97,-0.12,35959.0,44237882.0,1.62,0.63,12.173399999999999,11.8664
2026-01-20 09:45:00,12.23,12.21,12.29,12.18,-0.25,-0.03,30739.0,37577401.0,0.9,0.54,12.187000000000001,11.86765
2026-01-20 09:50:00,12.23,12.24,12.3,12.21,0.25,0.03,20281.0,24844047.0,0.74,0.35,12.1976,11.869200000000001
2026-01-20 09:55:00,12.24,12.17,12.25,12.17,-0.57,-0.07,16150.0,19709606.0,0.65,0.28,12.203999999999999,11.8704
2026-01-20 10:00:00,12.17,12.08,12.21,12.07,-0.74,-0.09,24774.0,30094689.0,1.15,0.43,12.2054,11.87125
2026-01-20 10:05:00,12.1,12.08,12.12,12.07,0.0,0.0,14841.0,17938663.0,0.41,0.26,12.204399999999998,11.8719
2026-01-20 10:10:00,12.07,11.99,12.08,11.95,-0.75,-0.09,26219.0,31478565.0,1.08,0.46,12.201199999999998,11.8722
2026-01-20 10:15:00,12.0,12.02,12.04,11.97,0.25,0.03,17522.0,21030751.0,0.58,0.31,12.198599999999999,11.8725
2026-01-20 10:20:00,12.01,11.93,12.05,11.92,-0.75,-0.09,15021.0,17994781.0,1.08,0.26,12.1948,11.87225
2026-01-20 10:25:00,11.93,11.95,11.98,11.91,0.17,0.02,12396.0,14791814.0,0.59,0.22,12.192199999999998,11.87225
2026-01-20 10:30:00,11.95,11.94,11.95,11.88,-0.08,-0.01,16623.0,19789235.0,0.59,0.29,12.1882,11.872749999999998
2026-01-20 10:35:00,11.95,11.91,11.95,11.86,-0.25,-0.03,10992.0,13080041.0,0.75,0.19,12.1832,11.87345
2026-01-20 10:40:00,11.91,11.95,11.96,11.9,0.34,0.04,8734.0,10418748.0,0.5,0.15,12.18,11.87365
2026-01-20 10:45:00,11.96,11.94,12.02,11.92,-0.08,-0.01,8549.0,10233783.0,0.84,0.15,12.1764,11.873500000000002
2026-01-20 10:50:00,11.94,11.94,11.96,11.9,0.0,0.0,8764.0,10453038.0,0.5,0.15,12.1732,11.873
2026-01-20 10:55:00,11.94,11.97,12.0,11.93,0.25,0.03,4293.0,5139451.0,0.59,0.07,12.1712,11.872449999999999
2026-01-20 11:00:00,11.97,11.92,11.98,11.91,-0.42,-0.05,4191.0,5003869.0,0.58,0.07,12.1674,11.871649999999999
2026-01-20 11:05:00,11.93,11.93,11.95,11.91,0.08,0.01,5361.0,6395057.0,0.34,0.09,12.163999999999998,11.8706
2026-01-20 11:10:00,11.92,11.92,11.93,11.89,-0.08,-0.01,4231.0,5039060.0,0.34,0.07,12.1604,11.869349999999999
2026-01-20 11:15:00,11.91,11.95,11.96,11.91,0.25,0.03,3424.0,4082950.0,0.42,0.06,12.156799999999999,11.86825
2026-01-20 11:20:00,11.95,11.93,11.96,11.92,-0.17,-0.02,3398.0,4056374.0,0.33,0.06,12.1528,11.8671
2026-01-20 11:25:00,11.93,11.91,11.95,11.9,-0.17,-0.02,4223.0,5035031.0,0.42,0.07,12.148399999999999,11.86575
2026-01-20 11:30:00,11.92,11.89,11.92,11.88,-0.17,-0.02,4510.0,5366225.0,0.34,0.08,12.1432,11.8643
2026-01-20 13:05:00,11.89,11.82,11.89,11.79,-0.59,-0.07,13032.0,15418770.0,0.84,0.23,12.1372,11.862749999999998
2026-01-20 13:10:00,11.81,11.81,11.84,11.8,-0.08,-0.01,7373.0,8711069.0,0.34,0.13,12.1314,11.86115
2026-01-20 13:15:00,11.82,11.82,11.85,11.81,0.08,0.01,4532.0,5358724.0,0.34,0.08,12.125,11.85935
2026-01-20 13:20:00,11.82,11.84,11.85,11.8,0.17,0.02,4246.0,5018853.0,0.42,0.07,12.116800000000001,11.857550000000002
2026-01-20 13:25:00,11.83,11.79,11.83,11.79,-0.42,-0.05,7295.0,8610141.0,0.34,0.13,12.1074,11.855450000000001
2026-01-20 13:30:00,11.8,11.86,11.87,11.8,0.59,0.07,7591.0,8979283.0,0.59,0.13,12.0996,11.853649999999998
2026-01-20 13:35:00,11.85,11.82,11.86,11.8,-0.34,-0.04,5326.0,6298663.0,0.51,0.09,12.091,11.85155
2026-01-20 13:40:00,11.82,11.84,11.84,11.8,0.17,0.02,3559.0,4204636.0,0.34,0.06,12.083999999999998,11.849450000000001
2026-01-20 13:45:00,11.84,11.89,11.9,11.84,0.42,0.05,4389.0,5214969.0,0.51,0.08,12.078399999999998,11.8478
2026-01-20 13:50:00,11.89,11.9,11.91,11.88,0.08,0.01,3580.0,4256711.0,0.25,0.06,12.0732,11.84685
2026-01-20 13:55:00,11.9,11.88,11.93,11.87,-0.17,-0.02,4355.0,5180030.0,0.5,0.08,12.0678,11.846000000000002
2026-01-20 14:00:00,11.87,11.85,11.88,11.85,-0.25,-0.03,3382.0,4012539.0,0.25,0.06,12.061599999999999,11.84505
2026-01-20 14:05:00,11.84,11.83,11.84,11.81,-0.17,-0.02,5367.0,6346831.0,0.25,0.09,12.0556,11.8442
2026-01-20 14:10:00,11.82,11.81,11.83,11.81,-0.17,-0.02,3034.0,3585097.0,0.17,0.05,12.0478,11.8433
2026-01-20 14:15:00,11.81,11.84,11.84,11.81,0.25,0.03,3075.0,3634650.0,0.25,0.05,12.040799999999999,11.8428
2026-01-20 14:20:00,11.84,11.8,11.85,11.8,-0.34,-0.04,7132.0,8420863.0,0.42,0.12,12.033000000000001,11.842099999999999
2026-01-20 14:25:00,11.8,11.79,11.82,11.78,-0.08,-0.01,8423.0,9937936.0,0.34,0.15,12.0242,11.84145
2026-01-20 14:30:00,11.78,11.79,11.8,11.77,0.0,0.0,3851.0,4537009.0,0.25,0.07,12.01,11.84085
2026-01-20 14:35:00,11.79,11.75,11.8,11.74,-0.34,-0.04,7338.0,8635866.0,0.51,0.13,11.9964,11.840150000000001
2026-01-20 14:40:00,11.75,11.81,11.81,11.75,0.51,0.06,7874.0,9263197.0,0.51,0.14,11.984000000000002,11.8403
2026-01-20 14:45:00,11.8,11.82,11.84,11.8,0.08,0.01,5614.0,6630677.0,0.34,0.1,11.9722,11.84025
2026-01-20 14:50:00,11.82,11.87,11.87,11.82,0.42,0.05,7928.0,9397887.0,0.42,0.14,11.962,11.840700000000002
2026-01-20 14:55:00,11.89,11.9,11.9,11.88,0.25,0.03,6788.0,8071295.0,0.17,0.12,11.9526,11.8408
2026-01-20 15:00:00,11.9,11.93,11.96,11.9,0.25,0.03,9544.0,11382464.0,0.5,0.17,11.943800000000001,11.841050000000001
